<?xml version='1.0' encoding='utf-8'?>
<!DOCTYPE hibernate-configuration PUBLIC
        "-//Hibernate/Hibernate Configuration DTD//EN"
        "http://www.hibernate.org/dtd/hibernate-configuration-3.0.dtd">
<hibernate-configuration>
    <session-factory>
        <property name="connection.url">jdbc:sqlserver://localhost;database=Jobs</property>
        <property name="connection.driver_class">com.microsoft.sqlserver.jdbc.SQLServerDriver</property>
        <property name="connection.username">sa</property>
        <property name="connection.password">1234</property>
        <property name="show_sql">true</property>
        <mapping class="DB.Candidate"/>
        <mapping class="DB.CandidatesOffers"/>
        <mapping class="DB.Category"/>
        <mapping class="DB.Employer"/>
        <mapping class="DB.Offer"/>

        <!-- DB schema will be updated if needed -->
        <!-- <property name="hibernate.hbm2ddl.auto">update</property> -->
    </session-factory>
</hibernate-configuration>